email,password
user01@example.com,benchmark
user02@example.com,benchmark
user03@example.com,benchmark
user04@example.com,benchmark
user05@example.com,benchmark
user06@example.com,benchmark
user07@example.com,benchmark
user08@example.com,benchmark
user09@example.com,benchmark
user10@example.com,benchmark
user11@example.com,benchmark
user12@example.com,benchmark
user13@example.com,benchmark
user14@example.com,benchmark
user15@example.com,benchmark
user16@example.com,benchmark
user17@example.com,benchmark
user18@example.com,benchmark
user19@example.com,benchmark
user20@example.com,benchmark
user21@example.com,benchmark
user22@example.com,benchmark
user23@example.com,benchmark
user24@example.com,benchmark
user25@example.com,benchmark
user26@example.com,benchmark
user27@example.com,benchmark
user28@example.com,benchmark
user29@example.com,benchmark
user30@example.com,benchmark
user31@example.com,benchmark
user32@example.com,benchmark
user33@example.com,benchmark
user34@example.com,benchmark
user35@example.com,benchmark
user36@example.com,benchmark
user37@example.com,benchmark
user38@example.com,benchmark
user39@example.com,benchmark
user40@example.com,benchmark
user41@example.com,benchmark
user42@example.com,benchmark
user43@example.com,benchmark
user44@example.com,benchmark
user45@example.com,benchmark
user46@example.com,benchmark
user47@example.com,benchmark
user48@example.com,benchmark
user49@example.com,benchmark
user50@example.com,benchmark
user51@example.com,benchmark
user52@example.com,benchmark
user53@example.com,benchmark
user54@example.com,benchmark
user55@example.com,benchmark
user56@example.com,benchmark
user57@example.com,benchmark
user58@example.com,benchmark
user59@example.com,benchmark
user60@example.com,benchmark
user61@example.com,benchmark
user62@example.com,benchmark
user63@example.com,benchmark
user64@example.com,benchmark
